instrument,ref_month,release_date,asof,effective_asof,frozen,call_bp,realized_bp,deviation_bp,bench_seasonal_naive_bp,bench_ar1_bp,bench_zero_bp,attribution
cpi_headline,2019-01-01,2019-02-11,2019-02-08,2019-02-07,True,19.67,19.07,0.61,30.08,-31.94,0.0,"{'SETB01': -480.7, 'SETA02': -65.4}"
cpi_core,2019-01-01,2019-02-11,2019-02-08,2019-02-07,True,27.85,40.1,-12.25,26.38,-0.85,0.0,"{'SETB01': -480.7, 'SETA02': -65.4}"
cpi_headline,2019-02-01,2019-03-12,2019-03-09,2019-03-08,True,38.06,42.27,-4.21,42.59,19.07,0.0,"{'SETB01': 264.0, 'SETA02': -51.2}"
cpi_core,2019-02-01,2019-03-12,2019-03-09,2019-03-08,True,36.17,38.14,-1.97,37.5,40.1,0.0,"{'SETB01': 264.0, 'SETA02': -51.2}"
cpi_headline,2019-03-01,2019-04-10,2019-04-07,2019-04-06,True,45.49,56.41,-10.92,49.66,42.27,0.0,"{'SETB01': 864.0, 'SETA02': -80.7}"
cpi_core,2019-03-01,2019-04-10,2019-04-07,2019-04-06,True,23.82,27.65,-3.83,29.7,38.14,0.0,"{'SETB01': 864.0, 'SETA02': -80.7}"
cpi_headline,2019-04-01,2019-05-10,2019-05-07,2019-05-06,True,49.01,52.95,-3.94,31.79,56.41,0.0,"{'SETB01': 1083.1, 'SETA02': -5.5}"
cpi_core,2019-04-01,2019-05-10,2019-05-07,2019-05-06,True,18.05,18.94,-0.9,20.43,27.65,0.0,"{'SETB01': 1083.1, 'SETA02': -5.5}"
cpi_headline,2019-05-01,2019-06-12,2019-06-09,2019-06-08,True,25.36,21.29,4.07,28.7,52.95,0.0,"{'SETB01': 209.8, 'SETA02': 28.7}"
cpi_core,2019-05-01,2019-06-12,2019-06-09,2019-06-08,True,18.73,9.83,8.9,15.45,18.94,0.0,"{'SETB01': 209.8, 'SETA02': 28.7}"
cpi_headline,2019-06-01,2019-07-11,2019-07-08,2019-07-07,True,7.03,1.99,5.04,13.77,21.29,0.0,"{'SETB01': -484.3, 'SETA02': 89.7}"
cpi_core,2019-06-01,2019-07-11,2019-07-08,2019-07-07,True,14.32,22.35,-8.04,9.59,9.83,0.0,"{'SETB01': -484.3, 'SETA02': 89.7}"
cpi_headline,2019-07-01,2019-08-13,2019-08-10,2019-08-09,True,9.35,16.71,-7.36,-3.64,1.99,0.0,"{'SETB01': 86.2, 'SETA02': 42.1}"
cpi_core,2019-07-01,2019-08-13,2019-08-10,2019-08-09,True,7.75,14.78,-7.03,2.92,22.35,0.0,"{'SETB01': 86.2, 'SETA02': 42.1}"
cpi_headline,2019-08-01,2019-09-12,2019-09-09,2019-09-08,True,0.04,-0.51,0.55,13.63,16.71,0.0,"{'SETB01': -419.1, 'SETA02': 30.3}"
cpi_core,2019-08-01,2019-09-12,2019-09-09,2019-09-08,True,14.03,22.88,-8.85,16.02,14.78,0.0,"{'SETB01': -419.1, 'SETA02': 30.3}"
cpi_headline,2019-09-01,2019-10-10,2019-10-07,2019-10-06,True,14.6,7.83,6.76,19.0,-0.51,0.0,"{'SETB01': -106.0, 'SETA02': 0.4}"
cpi_core,2019-09-01,2019-10-10,2019-10-07,2019-10-06,True,20.97,13.36,7.6,21.45,22.88,0.0,"{'SETB01': -106.0, 'SETA02': 0.4}"
cpi_headline,2019-10-01,2019-11-13,2019-11-10,2019-11-09,True,16.47,22.86,-6.39,-7.01,7.83,0.0,"{'SETB01': 129.6, 'SETA02': 30.8}"
cpi_core,2019-10-01,2019-11-13,2019-11-10,2019-11-09,True,24.54,20.3,4.24,22.39,13.36,0.0,"{'SETB01': 129.6, 'SETA02': 30.8}"
cpi_headline,2019-11-01,2019-12-11,2019-12-08,2019-12-07,True,-5.03,-5.36,0.33,-25.02,22.86,0.0,"{'SETB01': -107.4, 'SETA02': -51.4}"
cpi_core,2019-11-01,2019-12-11,2019-12-08,2019-12-07,True,0.12,1.85,-1.73,0.13,20.3,0.0,"{'SETB01': -107.4, 'SETA02': -51.4}"
cpi_headline,2019-12-01,2020-01-14,2020-01-11,2020-01-10,True,-3.47,-9.1,5.63,-22.23,-5.36,0.0,"{'SETB01': -158.8, 'SETA02': 14.6}"
cpi_core,2019-12-01,2020-01-14,2020-01-11,2020-01-10,True,-3.58,-6.53,2.95,-7.42,1.85,0.0,"{'SETB01': -158.8, 'SETA02': 14.6}"
cpi_headline,2020-01-01,2020-02-11,2020-02-08,2020-02-07,True,28.89,38.8,-9.91,26.51,-9.1,0.0,"{'SETB01': -27.4, 'SETA02': -48.6}"
cpi_core,2020-01-01,2020-02-11,2020-02-08,2020-02-07,True,26.27,40.35,-14.08,29.24,-6.53,0.0,"{'SETB01': -27.4, 'SETA02': -48.6}"
cpi_headline,2020-02-01,2020-03-11,2020-03-08,2020-03-07,True,21.81,27.41,-5.6,41.71,38.8,0.0,"{'SETB01': -400.5, 'SETA02': 76.7}"
cpi_core,2020-02-01,2020-03-11,2020-03-08,2020-03-07,True,39.79,47.52,-7.73,37.58,40.35,0.0,"{'SETB01': -400.5, 'SETA02': 76.7}"
cpi_headline,2020-03-01,2020-04-10,2020-04-07,2020-04-06,True,-2.74,-21.76,19.02,44.53,27.41,0.0,"{'SETB01': -821.2, 'SETA02': 19.4}"
cpi_core,2020-03-01,2020-04-10,2020-04-07,2020-04-06,True,26.76,1.65,25.12,29.35,47.52,0.0,"{'SETB01': -821.2, 'SETA02': 19.4}"
cpi_headline,2020-04-01,2020-05-12,2020-05-09,2020-05-08,True,-38.48,-66.87,28.39,30.36,-21.76,0.0,"{'SETB01': -1700.5, 'SETA02': 67.2}"
cpi_core,2020-04-01,2020-05-12,2020-05-09,2020-05-08,True,12.55,-45.75,58.3,20.4,1.65,0.0,"{'SETB01': -1700.5, 'SETA02': 67.2}"
cpi_headline,2020-05-01,2020-06-10,2020-06-07,2020-06-06,True,9.98,0.2,9.78,25.48,-66.87,0.0,"{'SETB01': 152.1, 'SETA02': -54.8}"
cpi_core,2020-05-01,2020-06-10,2020-06-07,2020-06-06,True,-6.21,-10.9,4.69,14.36,-45.75,0.0,"{'SETB01': 152.1, 'SETA02': -54.8}"
cpi_headline,2020-06-01,2020-07-14,2020-07-11,2020-07-10,True,30.52,54.72,-24.2,15.35,0.2,0.0,"{'SETB01': 1097.9, 'SETA02': -567.0}"
cpi_core,2020-06-01,2020-07-14,2020-07-11,2020-07-10,True,-17.28,18.92,-36.21,10.4,-10.9,0.0,"{'SETB01': 1097.9, 'SETA02': -567.0}"
cpi_headline,2020-07-01,2020-08-12,2020-08-09,2020-08-08,True,37.5,50.58,-13.08,-2.66,54.72,0.0,"{'SETB01': 468.3, 'SETA02': 445.2}"
cpi_core,2020-07-01,2020-08-12,2020-08-09,2020-08-08,True,25.76,52.61,-26.85,3.25,18.92,0.0,"{'SETB01': 468.3, 'SETA02': 445.2}"
cpi_headline,2020-08-01,2020-09-11,2020-09-08,2020-09-07,True,32.71,31.53,1.18,10.12,50.58,0.0,"{'SETB01': -3.8, 'SETA02': 444.6}"
cpi_core,2020-08-01,2020-09-11,2020-09-08,2020-09-07,True,41.85,39.33,2.51,14.93,52.61,0.0,"{'SETB01': -3.8, 'SETA02': 444.6}"
cpi_headline,2020-09-01,2020-10-13,2020-10-10,2020-10-09,True,30.41,13.93,16.49,18.08,31.53,0.0,"{'SETB01': 1.5, 'SETA02': 290.3}"
cpi_core,2020-09-01,2020-10-13,2020-10-10,2020-10-09,True,36.96,11.09,25.87,20.83,39.33,0.0,"{'SETB01': 1.5, 'SETA02': 290.3}"
cpi_headline,2020-10-01,2020-11-12,2020-11-09,2020-11-08,True,11.4,4.15,7.25,-1.57,13.93,0.0,"{'SETB01': -109.4, 'SETA02': 181.0}"
cpi_core,2020-10-01,2020-11-12,2020-11-09,2020-11-08,True,24.85,10.18,14.66,22.41,11.09,0.0,"{'SETB01': -109.4, 'SETA02': 181.0}"
cpi_headline,2020-11-01,2020-12-10,2020-12-07,2020-12-06,True,-12.63,-6.11,-6.53,-24.63,4.15,0.0,"{'SETB01': -222.7, 'SETA02': -78.5}"
cpi_core,2020-11-01,2020-12-10,2020-12-07,2020-12-06,True,-4.78,5.38,-10.16,-0.28,10.18,0.0,"{'SETB01': -222.7, 'SETA02': -78.5}"
cpi_headline,2020-12-01,2021-01-13,2021-01-10,2021-01-09,True,13.28,9.41,3.86,-20.29,-6.11,0.0,"{'SETB01': 398.5, 'SETA02': 23.2}"
cpi_core,2020-12-01,2021-01-13,2021-01-10,2021-01-09,True,-2.84,-9.17,6.32,-7.58,5.38,0.0,"{'SETB01': 398.5, 'SETA02': 23.2}"
cpi_headline,2021-01-01,2021-02-08,2021-02-05,2021-02-04,True,59.56,42.54,17.02,25.86,9.41,0.0,"{'SETB01': 611.0, 'SETA02': 3.7}"
cpi_core,2021-01-01,2021-02-08,2021-02-05,2021-02-04,True,32.07,19.65,12.42,31.54,-9.17,0.0,"{'SETB01': 611.0, 'SETA02': 3.7}"
cpi_headline,2021-02-01,2021-03-10,2021-03-07,2021-03-06,True,54.29,54.74,-0.46,39.63,42.54,0.0,"{'SETB01': 689.4, 'SETA02': -29.5}"
cpi_core,2021-02-01,2021-03-10,2021-03-07,2021-03-06,True,32.0,34.88,-2.89,40.06,19.65,0.0,"{'SETB01': 689.4, 'SETA02': -29.5}"
cpi_headline,2021-03-01,2021-04-13,2021-04-10,2021-04-09,True,64.44,70.83,-6.39,32.31,54.74,0.0,"{'SETB01': 1193.8, 'SETA02': 60.9}"
cpi_core,2021-03-01,2021-04-13,2021-04-10,2021-04-09,True,20.99,37.57,-16.58,24.78,34.88,0.0,"{'SETB01': 1193.8, 'SETA02': 60.9}"
cpi_headline,2021-04-01,2021-05-12,2021-05-09,2021-05-08,True,28.63,82.19,-53.56,18.22,70.83,0.0,"{'SETB01': 164.3, 'SETA02': 188.2}"
cpi_core,2021-04-01,2021-05-12,2021-05-09,2021-05-08,True,21.91,82.99,-61.08,11.58,37.57,0.0,"{'SETB01': 164.3, 'SETA02': 188.2}"
cpi_headline,2021-05-01,2021-06-10,2021-06-07,2021-06-06,True,52.88,80.17,-27.29,26.97,82.19,0.0,"{'SETB01': 428.6, 'SETA02': 291.7}"
cpi_core,2021-05-01,2021-06-10,2021-06-07,2021-06-06,True,36.26,70.26,-34.0,11.37,82.99,0.0,"{'SETB01': 428.6, 'SETA02': 291.7}"
cpi_headline,2021-06-01,2021-07-13,2021-07-10,2021-07-09,True,56.88,92.91,-36.02,24.03,80.17,0.0,"{'SETB01': 253.9, 'SETA02': 412.6}"
cpi_core,2021-06-01,2021-07-13,2021-07-10,2021-07-09,True,44.73,84.27,-39.54,11.26,70.26,0.0,"{'SETB01': 253.9, 'SETA02': 412.6}"
cpi_headline,2021-07-01,2021-08-11,2021-08-08,2021-08-07,True,37.04,48.11,-11.06,5.7,92.91,0.0,"{'SETB01': 227.6, 'SETA02': 231.0}"
cpi_core,2021-07-01,2021-08-11,2021-08-08,2021-08-07,True,30.9,33.36,-2.46,9.75,84.27,0.0,"{'SETB01': 227.6, 'SETA02': 231.0}"
cpi_headline,2021-08-01,2021-09-14,2021-09-11,2021-09-10,True,19.49,20.66,-1.17,7.11,48.11,0.0,"{'SETB01': 67.1, 'SETA02': -64.5}"
cpi_core,2021-08-01,2021-09-14,2021-09-11,2021-09-10,True,16.41,12.93,3.48,18.2,33.36,0.0,"{'SETB01': 67.1, 'SETA02': -64.5}"
cpi_headline,2021-09-01,2021-10-13,2021-10-10,2021-10-09,True,17.42,27.16,-9.74,14.24,20.66,0.0,"{'SETB01': 52.6, 'SETA02': -128.0}"
cpi_core,2021-09-01,2021-10-13,2021-10-10,2021-10-09,True,14.54,13.49,1.05,19.04,12.93,0.0,"{'SETB01': 52.6, 'SETA02': -128.0}"
cpi_headline,2021-10-01,2021-11-10,2021-11-07,2021-11-06,True,30.74,83.08,-52.34,-0.57,27.16,0.0,"{'SETB01': 351.0, 'SETA02': -19.6}"
cpi_core,2021-10-01,2021-11-10,2021-11-07,2021-11-06,True,22.47,61.92,-39.45,21.0,13.49,0.0,"{'SETB01': 351.0, 'SETA02': -19.6}"
cpi_headline,2021-11-01,2021-12-10,2021-12-07,2021-12-06,True,35.17,49.13,-13.97,-19.47,83.08,0.0,"{'SETB01': 305.9, 'SETA02': 263.0}"
cpi_core,2021-11-01,2021-12-10,2021-12-07,2021-12-06,True,25.52,40.37,-14.85,0.46,61.92,0.0,"{'SETB01': 305.9, 'SETA02': 263.0}"
cpi_headline,2021-12-01,2022-01-12,2022-01-09,2022-01-08,True,20.12,30.73,-10.6,-15.74,49.13,0.0,"{'SETB01': -251.0, 'SETA02': 459.0}"
cpi_core,2021-12-01,2022-01-12,2022-01-09,2022-01-08,True,28.99,40.81,-11.82,-7.49,40.37,0.0,"{'SETB01': -251.0, 'SETA02': 459.0}"
cpi_headline,2022-01-01,2022-02-08,2022-02-05,2022-02-04,True,51.07,84.15,-33.07,27.48,30.73,0.0,"{'SETB01': 23.6, 'SETA02': 195.5}"
cpi_core,2022-01-01,2022-02-08,2022-02-05,2022-02-04,True,50.49,73.54,-23.05,30.87,40.81,0.0,"{'SETB01': 23.6, 'SETA02': 195.5}"
cpi_headline,2022-02-01,2022-03-10,2022-03-07,2022-03-06,True,66.03,91.34,-25.31,36.23,84.15,0.0,"{'SETB01': 590.0, 'SETA02': 79.7}"
cpi_core,2022-02-01,2022-03-10,2022-03-07,2022-03-06,True,47.65,72.13,-24.48,40.0,73.54,0.0,"{'SETB01': 590.0, 'SETA02': 79.7}"
cpi_headline,2022-03-01,2022-04-12,2022-04-09,2022-04-08,True,91.81,133.51,-41.7,37.9,91.34,0.0,"{'SETB01': 1932.9, 'SETA02': 1.1}"
cpi_core,2022-03-01,2022-04-12,2022-04-09,2022-04-08,True,30.38,43.26,-12.88,26.14,72.13,0.0,"{'SETB01': 1932.9, 'SETA02': 1.1}"
cpi_headline,2022-04-01,2022-05-11,2022-05-08,2022-05-07,True,19.11,55.83,-36.72,29.8,133.51,0.0,"{'SETB01': -258.9, 'SETA02': -105.0}"
cpi_core,2022-04-01,2022-05-11,2022-05-08,2022-05-07,True,20.73,53.27,-32.54,20.97,43.26,0.0,"{'SETB01': -258.9, 'SETA02': -105.0}"
cpi_headline,2022-05-01,2022-06-10,2022-06-07,2022-06-06,True,52.94,110.24,-57.3,34.77,55.83,0.0,"{'SETB01': 787.1, 'SETA02': -166.1}"
cpi_core,2022-05-01,2022-06-10,2022-06-07,2022-06-06,True,20.53,57.07,-36.54,18.94,53.27,0.0,"{'SETB01': 787.1, 'SETA02': -166.1}"
cpi_headline,2022-06-01,2022-07-13,2022-07-10,2022-07-09,True,74.92,137.36,-62.44,32.64,110.24,0.0,"{'SETB01': 1054.1, 'SETA02': -51.0}"
cpi_core,2022-06-01,2022-07-13,2022-07-10,2022-07-09,True,26.57,74.32,-47.75,20.84,57.07,0.0,"{'SETB01': 1054.1, 'SETA02': -51.0}"
cpi_headline,2022-07-01,2022-08-10,2022-08-07,2022-08-06,True,7.59,-1.18,8.77,11.22,137.36,0.0,"{'SETB01': -723.9, 'SETA02': 33.5}"
cpi_core,2022-07-01,2022-08-10,2022-08-07,2022-08-06,True,27.38,32.78,-5.4,13.1,74.32,0.0,"{'SETB01': -723.9, 'SETA02': 33.5}"
cpi_headline,2022-08-01,2022-09-13,2022-09-10,2022-09-09,True,-22.0,-3.54,-18.45,8.19,-1.18,0.0,"{'SETB01': -1236.6, 'SETA02': -63.5}"
cpi_core,2022-08-01,2022-09-13,2022-09-10,2022-09-09,True,17.03,51.82,-34.79,17.33,32.78,0.0,"{'SETB01': -1236.6, 'SETA02': -63.5}"
cpi_headline,2022-09-01,2022-10-13,2022-10-10,2022-10-09,True,10.94,21.51,-10.57,16.19,-3.54,0.0,"{'SETB01': -667.0, 'SETA02': -5.9}"
cpi_core,2022-09-01,2022-10-13,2022-10-10,2022-10-09,True,32.0,42.53,-10.53,17.93,51.82,0.0,"{'SETB01': -667.0, 'SETA02': -5.9}"
cpi_headline,2022-10-01,2022-11-10,2022-11-07,2022-11-06,True,34.17,40.56,-6.39,13.04,21.51,0.0,"{'SETB01': 299.8, 'SETA02': -198.7}"
cpi_core,2022-10-01,2022-11-10,2022-11-07,2022-11-06,True,28.92,29.25,-0.33,26.72,42.53,0.0,"{'SETB01': 299.8, 'SETA02': -198.7}"
cpi_headline,2022-11-01,2022-12-13,2022-12-10,2022-12-09,True,-7.84,-10.1,2.26,-10.78,40.56,0.0,"{'SETB01': -329.3, 'SETA02': -148.6}"
cpi_core,2022-11-01,2022-12-13,2022-12-10,2022-12-09,True,5.54,9.52,-3.98,5.08,29.25,0.0,"{'SETB01': -329.3, 'SETA02': -148.6}"
cpi_headline,2022-12-01,2023-01-12,2023-01-09,2023-01-08,True,-34.37,-30.7,-3.67,-11.8,-10.1,0.0,"{'SETB01': -1243.9, 'SETA02': -110.8}"
cpi_core,2022-12-01,2023-01-12,2023-01-09,2023-01-08,True,2.02,17.12,-15.1,-1.09,9.52,0.0,"{'SETB01': -1243.9, 'SETA02': -110.8}"
cpi_headline,2023-01-01,2023-02-10,2023-02-07,2023-02-06,True,61.87,79.95,-18.08,33.35,-30.7,0.0,"{'SETB01': 388.4, 'SETA02': -13.7}"
cpi_core,2023-01-01,2023-02-10,2023-02-07,2023-02-06,True,48.18,61.61,-13.43,38.11,17.12,0.0,"{'SETB01': 388.4, 'SETA02': -13.7}"
cpi_headline,2023-02-01,2023-03-14,2023-03-11,2023-03-10,True,54.76,55.82,-1.06,43.03,79.95,0.0,"{'SETB01': 143.2, 'SETA02': 40.0}"
cpi_core,2023-02-01,2023-03-14,2023-03-11,2023-03-10,True,53.94,67.86,-13.92,45.25,61.61,0.0,"{'SETB01': 143.2, 'SETA02': 40.0}"
cpi_headline,2023-03-01,2023-04-12,2023-04-09,2023-04-08,True,32.62,33.11,-0.49,46.54,55.82,0.0,"{'SETB01': 94.7, 'SETA02': 124.5}"
cpi_core,2023-03-01,2023-04-12,2023-04-09,2023-04-08,True,36.15,48.19,-12.04,27.11,67.86,0.0,"{'SETB01': 94.7, 'SETA02': 124.5}"
cpi_headline,2023-04-01,2023-05-10,2023-05-07,2023-05-06,True,46.03,50.59,-4.56,32.66,33.11,0.0,"{'SETB01': 510.4, 'SETA02': 215.0}"
cpi_core,2023-04-01,2023-05-10,2023-05-07,2023-05-06,True,31.14,46.58,-15.45,24.48,48.19,0.0,"{'SETB01': 510.4, 'SETA02': 215.0}"
cpi_headline,2023-05-01,2023-06-13,2023-06-10,2023-06-09,True,21.95,25.18,-3.24,44.18,50.59,0.0,"{'SETB01': -129.1, 'SETA02': 75.8}"
cpi_core,2023-05-01,2023-06-13,2023-06-10,2023-06-09,True,26.96,39.0,-12.04,23.33,46.58,0.0,"{'SETB01': -129.1, 'SETA02': 75.8}"
cpi_headline,2023-06-01,2023-07-12,2023-07-09,2023-07-08,True,31.55,32.29,-0.74,47.48,25.18,0.0,"{'SETB01': 44.0, 'SETA02': -152.0}"
cpi_core,2023-06-01,2023-07-12,2023-07-09,2023-07-08,True,23.95,26.42,-2.47,29.46,39.0,0.0,"{'SETB01': 44.0, 'SETA02': -152.0}"
cpi_headline,2023-07-01,2023-08-10,2023-08-07,2023-08-06,True,16.43,19.08,-2.64,11.56,32.29,0.0,"{'SETB01': 70.3, 'SETA02': -136.1}"
cpi_core,2023-07-01,2023-08-10,2023-08-07,2023-08-06,True,13.97,15.93,-1.96,17.3,26.42,0.0,"{'SETB01': 70.3, 'SETA02': -136.1}"
cpi_headline,2023-08-01,2023-09-13,2023-09-10,2023-09-09,True,35.71,43.67,-7.97,9.83,19.08,0.0,"{'SETB01': 651.2, 'SETA02': -207.2}"
cpi_core,2023-08-01,2023-09-13,2023-09-10,2023-09-09,True,13.18,22.66,-9.47,22.98,15.93,0.0,"{'SETB01': 651.2, 'SETA02': -207.2}"
cpi_headline,2023-09-01,2023-10-12,2023-10-09,2023-10-08,True,24.85,24.85,0.0,17.93,43.67,0.0,"{'SETB01': -9.4, 'SETA02': -78.8}"
cpi_core,2023-09-01,2023-10-12,2023-10-09,2023-10-08,True,24.84,23.02,1.82,20.39,22.66,0.0,"{'SETB01': -9.4, 'SETA02': -78.8}"
cpi_headline,2023-10-01,2023-11-14,2023-11-11,2023-11-10,True,7.04,-3.83,10.88,21.25,24.85,0.0,"{'SETB01': -561.5, 'SETA02': 11.5}"
cpi_core,2023-10-01,2023-11-14,2023-11-11,2023-11-10,True,32.09,18.11,13.98,27.38,23.02,0.0,"{'SETB01': -561.5, 'SETA02': 11.5}"
cpi_headline,2023-11-01,2023-12-12,2023-12-09,2023-12-08,True,-21.5,-20.15,-1.35,-5.29,-3.83,0.0,"{'SETB01': -787.4, 'SETA02': 49.4}"
cpi_core,2023-11-01,2023-12-12,2023-12-09,2023-12-08,True,9.43,7.26,2.17,7.13,18.11,0.0,"{'SETB01': -787.4, 'SETA02': 49.4}"
cpi_headline,2023-12-01,2024-01-11,2024-01-08,2024-01-07,True,-14.24,-9.93,-4.3,-8.55,-20.15,0.0,"{'SETB01': -535.1, 'SETA02': -113.6}"
cpi_core,2023-12-01,2024-01-11,2024-01-08,2024-01-07,True,-1.49,9.66,-11.15,3.52,7.26,0.0,"{'SETB01': -535.1, 'SETA02': -113.6}"
cpi_headline,2024-01-01,2024-02-09,2024-02-06,2024-02-05,True,40.96,54.48,-13.51,49.22,-9.93,0.0,"{'SETB01': -180.4, 'SETA02': -105.1}"
cpi_core,2024-01-01,2024-02-09,2024-02-06,2024-02-05,True,43.89,55.02,-11.13,43.33,9.66,0.0,"{'SETB01': -180.4, 'SETA02': -105.1}"
cpi_headline,2024-02-01,2024-03-12,2024-03-09,2024-03-08,True,61.88,61.9,-0.01,44.58,54.48,0.0,"{'SETB01': 427.1, 'SETA02': -25.2}"
cpi_core,2024-02-01,2024-03-12,2024-03-09,2024-03-08,True,55.13,57.27,-2.13,49.37,55.02,0.0,"{'SETB01': 427.1, 'SETA02': -25.2}"
cpi_headline,2024-03-01,2024-04-10,2024-04-07,2024-04-06,True,42.65,64.64,-22.0,43.24,61.9,0.0,"{'SETB01': 643.0, 'SETA02': 1.9}"
cpi_core,2024-03-01,2024-04-10,2024-04-07,2024-04-06,True,27.61,52.91,-25.31,28.01,57.27,0.0,"{'SETB01': 643.0, 'SETA02': 1.9}"
cpi_headline,2024-04-01,2024-05-15,2024-05-12,2024-05-11,True,43.55,38.93,4.62,36.44,64.64,0.0,"{'SETB01': 523.7, 'SETA02': -5.1}"
cpi_core,2024-04-01,2024-05-15,2024-05-12,2024-05-11,True,27.11,28.07,-0.96,26.49,52.91,0.0,"{'SETB01': 523.7, 'SETA02': -5.1}"
cpi_headline,2024-05-01,2024-06-12,2024-06-09,2024-06-08,True,25.25,16.62,8.64,40.96,38.93,0.0,"{'SETB01': -22.4, 'SETA02': -19.2}"
cpi_core,2024-05-01,2024-06-12,2024-06-09,2024-06-08,True,27.34,20.47,6.87,26.57,28.07,0.0,"{'SETB01': -22.4, 'SETA02': -19.2}"
cpi_headline,2024-06-01,2024-07-11,2024-07-08,2024-07-07,True,15.14,3.38,11.76,47.14,16.62,0.0,"{'SETB01': -397.7, 'SETA02': -112.9}"
cpi_core,2024-06-01,2024-07-11,2024-07-08,2024-07-07,True,20.88,11.74,9.14,31.54,20.47,0.0,"{'SETB01': -397.7, 'SETA02': -112.9}"
cpi_headline,2024-07-01,2024-08-14,2024-08-11,2024-08-10,True,15.66,11.62,4.04,13.86,3.38,0.0,"{'SETB01': 81.8, 'SETA02': -28.2}"
cpi_core,2024-07-01,2024-08-14,2024-08-11,2024-08-10,True,11.93,6.61,5.32,18.87,11.74,0.0,"{'SETB01': 81.8, 'SETA02': -28.2}"
cpi_headline,2024-08-01,2024-09-11,2024-09-08,2024-09-07,True,8.85,8.14,0.71,17.06,11.62,0.0,"{'SETB01': -261.9, 'SETA02': -31.4}"
cpi_core,2024-08-01,2024-09-11,2024-09-08,2024-09-07,True,16.24,25.16,-8.91,24.7,6.61,0.0,"{'SETB01': -261.9, 'SETA02': -31.4}"
cpi_headline,2024-09-01,2024-10-10,2024-10-07,2024-10-06,True,14.59,16.04,-1.45,22.99,8.14,0.0,"{'SETB01': -499.5, 'SETA02': 140.5}"
cpi_core,2024-09-01,2024-10-10,2024-10-07,2024-10-06,True,32.47,34.12,-1.65,19.62,25.16,0.0,"{'SETB01': -499.5, 'SETA02': 140.5}"
cpi_headline,2024-10-01,2024-11-13,2024-11-10,2024-11-09,True,19.39,11.51,7.88,21.33,16.04,0.0,"{'SETB01': -230.6, 'SETA02': 57.4}"
cpi_core,2024-10-01,2024-11-13,2024-11-10,2024-11-09,True,29.98,20.21,9.77,26.43,34.12,0.0,"{'SETB01': -230.6, 'SETA02': 57.4}"
cpi_headline,2024-11-01,2024-12-11,2024-12-08,2024-12-07,True,-3.51,-5.42,1.91,-5.17,11.51,0.0,"{'SETB01': -259.2, 'SETA02': -23.7}"
cpi_core,2024-11-01,2024-12-11,2024-12-08,2024-12-07,True,6.52,5.87,0.64,7.58,20.21,0.0,"{'SETB01': -259.2, 'SETA02': -23.7}"
cpi_headline,2024-12-01,2025-01-15,2025-01-12,2025-01-11,True,6.82,3.55,3.27,-5.52,-5.42,0.0,"{'SETB01': -111.1, 'SETA02': -3.5}"
cpi_core,2024-12-01,2025-01-15,2025-01-12,2025-01-11,True,4.91,1.86,3.05,6.24,5.87,0.0,"{'SETB01': -111.1, 'SETA02': -3.5}"
cpi_headline,2025-01-01,2025-02-12,2025-02-09,2025-02-08,True,57.89,65.46,-7.57,53.97,3.55,0.0,"{'SETB01': 185.2, 'SETA02': 63.0}"
cpi_core,2025-01-01,2025-02-12,2025-02-09,2025-02-08,True,48.79,56.99,-8.2,46.37,1.86,0.0,"{'SETB01': 185.2, 'SETA02': 63.0}"
cpi_headline,2025-02-01,2025-03-12,2025-03-09,2025-03-08,True,50.66,44.42,6.25,51.29,65.46,0.0,"{'SETB01': 142.0, 'SETA02': -15.3}"
cpi_core,2025-02-01,2025-03-12,2025-03-09,2025-03-08,True,52.08,43.54,8.54,50.64,56.99,0.0,"{'SETB01': 142.0, 'SETA02': -15.3}"
cpi_headline,2025-03-01,2025-04-10,2025-04-07,2025-04-06,True,22.22,22.47,-0.25,45.94,44.42,0.0,"{'SETB01': -75.3, 'SETA02': 21.2}"
cpi_core,2025-03-01,2025-04-10,2025-04-07,2025-04-06,True,26.88,20.94,5.94,31.18,43.54,0.0,"{'SETB01': -75.3, 'SETA02': 21.2}"
cpi_headline,2025-04-01,2025-05-13,2025-05-10,2025-05-09,True,29.03,31.14,-2.12,35.38,22.47,0.0,"{'SETB01': 233.3, 'SETA02': -37.0}"
cpi_core,2025-04-01,2025-05-13,2025-05-10,2025-05-09,True,17.32,27.06,-9.74,26.79,20.94,0.0,"{'SETB01': 233.3, 'SETA02': -37.0}"
cpi_headline,2025-05-01,2025-06-11,2025-06-08,2025-06-07,True,22.72,20.89,1.84,37.98,31.14,0.0,"{'SETB01': -64.7, 'SETA02': -35.7}"
cpi_core,2025-05-01,2025-06-11,2025-06-08,2025-06-07,True,22.7,21.24,1.47,26.34,27.06,0.0,"{'SETB01': -64.7, 'SETA02': -35.7}"
cpi_headline,2025-06-01,2025-07-15,2025-07-12,2025-07-11,True,35.53,34.09,1.44,43.46,20.89,0.0,"{'SETB01': 0.6, 'SETA02': 135.7}"
cpi_core,2025-06-01,2025-07-15,2025-07-12,2025-07-11,True,28.91,26.11,2.81,31.75,21.24,0.0,"{'SETB01': 0.6, 'SETA02': 135.7}"
cpi_headline,2025-07-01,2025-08-12,2025-08-09,2025-08-08,True,14.32,15.1,-0.78,17.34,34.09,0.0,"{'SETB01': -78.0, 'SETA02': -70.5}"
cpi_core,2025-07-01,2025-08-12,2025-08-09,2025-08-08,True,14.53,18.76,-4.23,19.95,26.11,0.0,"{'SETB01': -78.0, 'SETA02': -70.5}"
cpi_headline,2025-08-01,2025-09-11,2025-09-08,2025-09-07,True,22.34,28.73,-6.39,16.93,15.1,0.0,"{'SETB01': 23.9, 'SETA02': 78.9}"
cpi_core,2025-08-01,2025-09-11,2025-09-08,2025-09-07,True,23.71,30.09,-6.38,25.15,18.76,0.0,"{'SETB01': 23.9, 'SETA02': 78.9}"
cpi_headline,2025-09-01,2025-10-24,2025-10-21,2025-10-20,True,32.27,25.43,6.83,21.99,28.73,0.0,"{'SETB01': 102.0, 'SETA02': -26.3}"
cpi_core,2025-09-01,2025-10-24,2025-10-21,2025-10-20,True,29.49,25.28,4.22,21.6,30.09,0.0,"{'SETB01': 102.0, 'SETA02': -26.3}"
cpi_headline,2025-12-01,2026-01-13,2026-01-10,2026-01-09,True,-5.85,-2.1,-3.76,-5.48,,0.0,"{'SETB01': -490.8, 'SETA02': -99.7}"
cpi_core,2025-12-01,2026-01-13,2026-01-10,2026-01-09,True,3.53,2.45,1.07,6.94,,0.0,"{'SETB01': -490.8, 'SETA02': -99.7}"
cpi_headline,2026-01-01,2026-02-13,2026-02-10,2026-02-09,True,50.32,36.97,13.36,54.86,-2.1,0.0,"{'SETB01': -286.4, 'SETA02': 62.7}"
cpi_core,2026-01-01,2026-02-13,2026-02-10,2026-02-09,True,54.36,43.69,10.67,48.73,2.45,0.0,"{'SETB01': -286.4, 'SETA02': 62.7}"
cpi_headline,2026-02-01,2026-03-11,2026-03-08,2026-03-07,True,55.44,47.13,8.31,52.91,36.97,0.0,{'SETB01': 340.2}
cpi_core,2026-02-01,2026-03-11,2026-03-08,2026-03-07,True,52.8,38.92,13.88,50.79,43.69,0.0,{'SETB01': 340.2}
cpi_headline,2026-03-01,2026-04-10,2026-04-07,2026-04-06,True,101.2,104.9,-3.7,47.73,47.13,0.0,{'SETB01': 2423.2}
cpi_core,2026-03-01,2026-04-10,2026-04-07,2026-04-06,True,28.91,34.48,-5.56,33.06,38.92,0.0,{'SETB01': 2423.2}
cpi_headline,2026-04-01,2026-05-12,2026-05-09,2026-05-08,True,63.84,85.01,-21.17,35.56,104.9,0.0,{'SETB01': 1233.3}
cpi_core,2026-04-01,2026-05-12,2026-05-09,2026-05-08,True,24.67,42.23,-17.56,28.42,34.48,0.0,{'SETB01': 1233.3}
cpi_headline,2026-05-01,2026-06-10,2026-06-07,2026-06-06,True,59.22,63.15,-3.93,39.52,85.01,0.0,{'SETB01': 886.2}
cpi_core,2026-05-01,2026-06-10,2026-06-07,2026-06-06,True,28.67,31.06,-2.39,28.03,42.23,0.0,{'SETB01': 886.2}
cpi_headline,2026-06-01,2026-07-14,2026-07-11,2026-07-10,True,7.47,-34.94,42.41,46.58,63.15,0.0,{'SETB01': -925.6}
cpi_core,2026-06-01,2026-07-14,2026-07-11,2026-07-10,True,28.36,1.07,27.29,34.12,31.06,0.0,{'SETB01': -925.6}
